ALLEY_TRDAR_NO,SIGNGU_CD_NM,ADSTRD_CD_NM
12285,종로구,청운효자동
12311,종로구,청운효자동
12366,종로구,청운효자동
12339,종로구,사직동
12292,종로구,사직동
12287,종로구,삼청동
12290,종로구,삼청동
12314,종로구,삼청동
12161,종로구,평창동
12153,종로구,평창동
12149,종로구,평창동
12286,종로구,가회동
12299,종로구,가회동
13649,종로구,종로5.6가동
12379,종로구,이화동
13508,종로구,이화동
12322,종로구,혜화동
12336,종로구,창신동
12343,종로구,창신동
12328,종로구,숭인동
12350,종로구,숭인동
12330,종로구,숭인동
12446,종로구,숭인동
12357,종로구,숭인동
12460,중구,회현동
12518,중구,명동
12414,중구,광희동
12385,중구,신당동
12400,중구,신당동
12387,중구,신당동
12407,중구,신당동
12543,중구,신당동
13527,중구,다산동
12498,중구,다산동
12538,중구,다산동
12506,중구,다산동
12588,중구,약수동
12569,중구,약수동
12539,중구,청구동
12500,중구,청구동
13610,중구,청구동
12405,중구,신당동
12390,중구,동화동
12401,중구,동화동
12419,중구,황학동
12437,중구,황학동
12434,중구,황학동
12399,중구,황학동
12415,중구,황학동
12403,중구,황학동
12458,중구,황학동
12525,중구,중림동
12493,중구,중림동
12571,용산구,후암동
12570,용산구,후암동
12580,용산구,남영동
12605,용산구,남영동
12613,용산구,남영동
12630,용산구,청파동
12603,용산구,청파동
12631,용산구,청파동
12617,용산구,청파동
12802,용산구,원효로동
12628,용산구,원효로동
12784,용산구,원효로동
12812,용산구,용문동
12804,용산구,용문동
13530,용산구,용문동
12859,용산구,한강로동
12769,용산구,한강로동
12737,용산구,한강로동
12794,용산구,한강로동
12898,용산구,이촌동
12900,용산구,이촌동
12989,용산구,이촌동
12739,용산구,이태원동
12779,용산구,이태원동
12764,용산구,이태원동
12708,용산구,이태원동
13552,용산구,이태원동
13567,용산구,이태원동
12762,용산구,한남동
12740,용산구,한남동
12785,용산구,한남동
12815,용산구,한남동
12795,용산구,한남동
12879,용산구,한남동
12801,용산구,한남동
12833,용산구,보광동
12829,용산구,보광동
12396,성동구,왕십리동
12544,성동구,왕십리동
12384,성동구,왕십리동
12418,성동구,왕십리동
12426,성동구,왕십리동
12427,성동구,왕십리동
12436,성동구,마장동
12347,성동구,마장동
12424,성동구,마장동
12441,성동구,마장동
12454,성동구,마장동
12487,성동구,사근동
12527,성동구,사근동
12512,성동구,행당동
12522,성동구,행당동
12656,성동구,금호동
12585,성동구,금호동
12657,성동구,금호동
12582,성동구,금호동
12680,성동구,금호동
12649,성동구,금호동
12647,성동구,금호동
12637,성동구,금호동
12734,성동구,옥수동
12606,성동구,성수동
12798,성동구,성수동
12686,성동구,성수동
13545,성동구,성수동
12635,성동구,성수동
12625,성동구,성수동
12696,성동구,성수동
12691,성동구,성수동
12732,성동구,성수동
12811,성동구,성수동
12805,성동구,성수동
12611,성동구,성수동
12668,성동구,성수동
12624,성동구,성수동
12717,성동구,성수동
12718,성동구,성수동
12642,성동구,성수동
12700,성동구,성수동
12408,성동구,용답동
12409,성동구,용답동
12420,성동구,용답동
12381,성동구,용답동
12393,성동구,용답동
12621,광진구,화양동
13617,광진구,화양동
13620,광진구,화양동
12626,광진구,화양동
12629,광진구,화양동
12712,광진구,화양동
12715,광진구,화양동
12602,광진구,화양동
12610,광진구,화양동
12501,광진구,군자동
12646,광진구,군자동
13607,광진구,군자동
12598,광진구,군자동
13541,광진구,중곡동
12417,광진구,중곡동
12391,광진구,중곡동
12467,광진구,중곡동
12412,광진구,중곡동
12540,광진구,중곡동
12422,광진구,중곡동
12497,광진구,중곡동
12480,광진구,중곡동
12489,광진구,중곡동
12524,광진구,중곡동
12465,광진구,중곡동
12594,광진구,중곡동
12461,광진구,중곡동
12383,광진구,중곡동
12485,광진구,중곡동
12466,광진구,중곡동
13551,광진구,중곡동
12494,광진구,중곡동
12583,광진구,중곡동
12463,광진구,중곡동
12425,광진구,중곡동
12597,광진구,능동
12665,광진구,광장동
12644,광진구,광장동
12821,광진구,자양동
12776,광진구,자양동
12778,광진구,자양동
12751,광진구,자양동
12875,광진구,자양동
12797,광진구,자양동
12803,광진구,자양동
13578,광진구,자양동
12788,광진구,자양동
12876,광진구,자양동
12887,광진구,자양동
12885,광진구,자양동
13523,광진구,자양동
12882,광진구,자양동
12823,광진구,자양동
12822,광진구,자양동
12806,광진구,자양동
12817,광진구,자양동
12709,광진구,자양동
12710,광진구,구의동
12816,광진구,구의동
12615,광진구,구의동
12566,광진구,구의동
13633,광진구,구의동
12567,광진구,구의동
12741,광진구,구의동
12687,광진구,구의동
12692,광진구,구의동
12706,광진구,구의동
12699,광진구,구의동
12731,광진구,구의동
12348,동대문구,용신동
12333,동대문구,용신동
12370,동대문구,용신동
13562,동대문구,용신동
12308,동대문구,제기동
12295,동대문구,제기동
12226,동대문구,제기동
12241,동대문구,제기동
13580,동대문구,제기동
12306,동대문구,제기동
12302,동대문구,제기동
12309,동대문구,제기동
12296,동대문구,제기동
12373,동대문구,전농동
12345,동대문구,전농동
12359,동대문구,전농동
12377,동대문구,전농동
12363,동대문구,전농동
12444,동대문구,답십리동
12430,동대문구,답십리동
12382,동대문구,답십리동
13561,동대문구,답십리동
12428,동대문구,장안동
12398,동대문구,장안동
13648,동대문구,장안동
13647,동대문구,장안동
13646,동대문구,장안동
13645,동대문구,장안동
13644,동대문구,장안동
12510,동대문구,장안동
12395,동대문구,장안동
12352,동대문구,장안동
13529,동대문구,장안동
12374,동대문구,장안동
12375,동대문구,장안동
12451,동대문구,장안동
12342,동대문구,장안동
13550,동대문구,장안동
12341,동대문구,장안동
12318,동대문구,청량리동
13556,동대문구,회기동
12239,동대문구,회기동
12243,동대문구,회기동
12260,동대문구,회기동
12214,동대문구,휘경동
12248,동대문구,휘경동
12219,동대문구,휘경동
13597,동대문구,휘경동
12264,동대문구,이문동
12174,동대문구,이문동
12171,동대문구,이문동
12274,동대문구,이문동
13554,동대문구,이문동
12170,동대문구,이문동
12273,중랑구,면목동
12224,중랑구,면목동
12257,중랑구,면목동
12355,중랑구,면목동
12227,중랑구,면목동
12217,중랑구,면목동
12240,중랑구,면목동
12316,중랑구,면목동
13623,중랑구,면목동
12246,중랑구,면목동
12242,중랑구,면목동
12216,중랑구,면목동
12300,중랑구,면목동
12369,중랑구,면목동
12312,중랑구,면목동
12310,중랑구,면목동
12294,중랑구,면목동
12378,중랑구,면목동
12298,중랑구,면목동
12247,중랑구,면목동
12283,중랑구,면목동
12291,중랑구,면목동
12293,중랑구,면목동
12313,중랑구,면목동
12210,중랑구,면목동
13557,중랑구,면목동
12278,중랑구,면목동
12175,중랑구,상봉동
12275,중랑구,상봉동
12276,중랑구,상봉동
12262,중랑구,상봉동
12254,중랑구,상봉동
12251,중랑구,상봉동
12250,중랑구,상봉동
12182,중랑구,상봉동
12272,중랑구,상봉동
12194,중랑구,중화동
12193,중랑구,중화동
12192,중랑구,중화동
12181,중랑구,중화동
12130,중랑구,중화동
12200,중랑구,중화동
12265,중랑구,중화동
12197,중랑구,중화동
12195,중랑구,중화동
12168,중랑구,중화동
12144,중랑구,중화동
12091,중랑구,묵동
12109,중랑구,묵동
12120,중랑구,묵동
12112,중랑구,묵동
12119,중랑구,묵동
12156,중랑구,묵동
12103,중랑구,묵동
12106,중랑구,묵동
12134,중랑구,묵동
12203,중랑구,망우동
12166,중랑구,망우동
12165,중랑구,망우동
12267,중랑구,망우동
12178,중랑구,망우동
12169,중랑구,망우동
12176,중랑구,망우동
12256,중랑구,망우동
12185,중랑구,신내동
13521,중랑구,신내동
12146,중랑구,신내동
12129,중랑구,신내동
12135,중랑구,신내동
12128,중랑구,신내동
12125,중랑구,신내동
12238,성북구,성북동
12236,성북구,삼선동
12234,성북구,삼선동
12235,성북구,삼선동
12230,성북구,삼선동
13616,성북구,삼선동
13603,성북구,삼선동
12212,성북구,삼선동
12208,성북구,삼선동
12207,성북구,삼선동
12223,성북구,삼선동
12222,성북구,삼선동
12218,성북구,삼선동
12271,성북구,삼선동
12228,성북구,동선동
12179,성북구,동선동
12269,성북구,동선동
12255,성북구,동선동
12258,성북구,동선동
12268,성북구,동선동
12270,성북구,동선동
12325,성북구,안암동
12288,성북구,안암동
13577,성북구,안암동
12324,성북구,안암동
12320,성북구,안암동
12315,성북구,보문동
12232,성북구,보문동
13558,성북구,보문동
12148,성북구,정릉동
12155,성북구,정릉동
12142,성북구,정릉동
12154,성북구,정릉동
12151,성북구,정릉동
12110,성북구,정릉동
12136,성북구,길음동
12140,성북구,길음동
13507,성북구,길음동
12145,성북구,길음동
12138,성북구,길음동
12157,성북구,길음동
12167,성북구,종암동
12172,성북구,종암동
12189,성북구,종암동
12147,성북구,종암동
12201,성북구,종암동
12186,성북구,종암동
13533,성북구,종암동
12108,성북구,월곡동
12143,성북구,월곡동
12139,성북구,월곡동
12131,성북구,월곡동
13505,성북구,월곡동
12098,성북구,장위동
12092,성북구,석관동
13609,성북구,석관동
12069,강북구,삼양동
12034,강북구,삼양동
12032,강북구,미아동
12033,강북구,미아동
12085,강북구,미아동
12088,강북구,미아동
12079,강북구,미아동
12081,강북구,미아동
12031,강북구,미아동
12030,강북구,미아동
12077,강북구,미아동
12094,강북구,송중동
12116,강북구,송중동
13631,강북구,송중동
12102,강북구,송중동
12090,강북구,송중동
12074,강북구,송천동
12123,강북구,송천동
12064,강북구,삼각산동
12044,강북구,번동
12048,강북구,번동
12041,강북구,번동
12028,강북구,수유동
12029,강북구,수유동
12039,강북구,수유동
12035,강북구,수유동
12057,강북구,수유동
12052,강북구,수유동
12038,강북구,수유동
12047,강북구,수유동
12045,강북구,수유동
12054,강북구,수유동
12043,강북구,수유동
12050,강북구,수유동
12037,강북구,인수동
12000,도봉구,창동
12002,도봉구,창동
12003,도봉구,창동
12053,도봉구,창동
13520,도봉구,창동
12056,도봉구,창동
12055,도봉구,창동
12042,도봉구,창동
12017,도봉구,창동
12025,도봉구,창동
11953,도봉구,도봉동
11958,도봉구,도봉동
13528,도봉구,도봉동
11957,도봉구,도봉동
11983,도봉구,도봉동
13651,도봉구,도봉동
12026,도봉구,쌍문동
11961,도봉구,쌍문동
11966,도봉구,쌍문동
12016,도봉구,쌍문동
12014,도봉구,쌍문동
12005,도봉구,쌍문동
11998,도봉구,쌍문동
12001,도봉구,쌍문동
11994,도봉구,방학동
11992,도봉구,방학동
11990,도봉구,방학동
11987,도봉구,방학동
11984,도봉구,방학동
11982,도봉구,방학동
11979,도봉구,방학동
11972,도봉구,방학동
11980,도봉구,방학동
11993,도봉구,방학동
11981,도봉구,방학동
13619,도봉구,방학동
11995,도봉구,방학동
11973,도봉구,방학동
12122,노원구,월계동
12058,노원구,월계동
12124,노원구,월계동
12111,노원구,월계동
12086,노원구,공릉동
12071,노원구,공릉동
12073,노원구,공릉동
12117,노원구,공릉동
12076,노원구,공릉동
12084,노원구,공릉동
12059,노원구,공릉동
12060,노원구,공릉동
12126,노원구,공릉동
12087,노원구,공릉동
12075,노원구,공릉동
12013,노원구,중계동
12019,노원구,중계동
12006,노원구,중계동
12011,노원구,중계동
12004,노원구,중계동
12018,노원구,중계동
11959,노원구,중계동
11971,노원구,중계동
11967,노원구,중계동
11969,노원구,중계동
13618,노원구,중계동
11963,노원구,중계동
12046,노원구,중계동
12051,노원구,중계동
11950,노원구,상계동
11954,노원구,상계동
11949,노원구,상계동
11956,노원구,상계동
11955,노원구,상계동
11948,노원구,상계동
11960,노원구,상계동
12015,노원구,상계동
12024,노원구,상계동
11962,노원구,상계동
11964,노원구,상계동
13543,노원구,상계동
13563,노원구,상계동
11975,노원구,상계동
11977,노원구,상계동
11978,노원구,상계동
11974,노원구,상계동
11970,노원구,상계동
12010,노원구,상계동
12009,노원구,상계동
12012,노원구,상계동
11997,노원구,상계동
13513,노원구,상계동
12021,노원구,상계동
11989,노원구,상계동
11988,노원구,상계동
11986,노원구,상계동
11965,노원구,상계동
12158,은평구,녹번동
12162,은평구,녹번동
12137,은평구,녹번동
12132,은평구,녹번동
12100,은평구,불광동
12089,은평구,불광동
12067,은평구,불광동
13606,은평구,불광동
12065,은평구,불광동
12062,은평구,갈현동
12072,은평구,갈현동
12070,은평구,갈현동
12063,은평구,갈현동
12121,은평구,갈현동
12093,은평구,갈현동
12101,은평구,갈현동
12066,은평구,갈현동
12115,은평구,갈현동
12107,은평구,구산동
12105,은평구,구산동
12114,은평구,대조동
12113,은평구,대조동
13650,은평구,대조동
12097,은평구,대조동
12118,은평구,대조동
12150,은평구,대조동
12095,은평구,대조동
12159,은평구,대조동
12184,은평구,응암동
12187,은평구,응암동
13593,은평구,응암동
12198,은평구,응암동
12204,은평구,응암동
12202,은평구,응암동
12233,은평구,응암동
13555,은평구,응암동
12237,은평구,응암동
12229,은평구,응암동
12244,은평구,응암동
13615,은평구,응암동
12231,은평구,응암동
12190,은평구,역촌동
12152,은평구,역촌동
13569,은평구,역촌동
12199,은평구,신사동
12188,은평구,신사동
12205,은평구,신사동
12211,은평구,증산동
12319,은평구,수색동
13559,은평구,수색동
12049,은평구,진관동
12338,서대문구,천연동
12457,서대문구,천연동
12337,서대문구,천연동
12455,서대문구,천연동
12410,서대문구,충현동
12515,서대문구,충현동
12389,서대문구,신촌동
13510,서대문구,신촌동
12504,서대문구,신촌동
12492,서대문구,신촌동
12535,서대문구,신촌동
12453,서대문구,연희동
12447,서대문구,연희동
12443,서대문구,연희동
12439,서대문구,연희동
12435,서대문구,연희동
12215,서대문구,홍제동
12321,서대문구,홍제동
12259,서대문구,홍제동
12206,서대문구,홍제동
12263,서대문구,홍제동
12225,서대문구,홍제동
12253,서대문구,홍제동
13601,서대문구,홍제동
12323,서대문구,홍제동
12277,서대문구,홍은동
12282,서대문구,홍은동
12279,서대문구,홍은동
12307,서대문구,홍은동
12329,서대문구,남가좌동
12346,서대문구,남가좌동
12450,서대문구,남가좌동
12440,서대문구,남가좌동
13509,서대문구,남가좌동
12376,서대문구,남가좌동
12364,서대문구,남가좌동
12305,서대문구,북가좌동
12301,서대문구,북가좌동
12304,서대문구,북가좌동
12281,서대문구,북가좌동
12674,마포구,아현동
12622,마포구,아현동
12663,마포구,아현동
12481,마포구,아현동
12659,마포구,공덕동
12725,마포구,공덕동
12719,마포구,도화동
12689,마포구,도화동
12599,마포구,대흥동
12464,마포구,대흥동
12495,마포구,대흥동
12670,마포구,대흥동
12459,마포구,대흥동
13565,마포구,염리동
12616,마포구,염리동
12479,마포구,염리동
12724,마포구,염리동
12484,마포구,염리동
12652,마포구,신수동
12672,마포구,신수동
12666,마포구,서강동
13526,마포구,서강동
12575,마포구,서강동
12478,마포구,서교동
12476,마포구,서교동
12572,마포구,서교동
12473,마포구,서교동
12471,마포구,서교동
12516,마포구,서교동
12462,마포구,서교동
12579,마포구,서교동
12578,마포구,서교동
12577,마포구,서교동
12517,마포구,서교동
12654,마포구,합정동
12563,마포구,합정동
12662,마포구,합정동
12675,마포구,합정동
12587,마포구,망원동
12475,마포구,망원동
12477,마포구,망원동
12593,마포구,망원동
12502,마포구,망원동
12499,마포구,망원동
12488,마포구,망원동
12537,마포구,망원동
12505,마포구,망원동
12520,마포구,망원동
12421,마포구,연남동
12519,마포구,연남동
12528,마포구,연남동
12423,마포구,연남동
12529,마포구,연남동
12514,마포구,성산동
12508,마포구,성산동
12340,마포구,성산동
12411,마포구,성산동
12429,마포구,성산동
12358,마포구,상암동
12371,마포구,상암동
12368,마포구,상암동
12372,마포구,상암동
12845,양천구,목동
12936,양천구,목동
12950,양천구,목동
12855,양천구,목동
12923,양천구,목동
13632,양천구,목동
12860,양천구,목동
12957,양천구,목동
12679,양천구,목동
12664,양천구,목동
12648,양천구,목동
12682,양천구,목동
12561,양천구,목동
12678,양천구,목동
12747,양천구,목동
12702,양천구,목동
12714,양천구,목동
12745,양천구,목동
12756,양천구,목동
13637,양천구,목동
12773,양천구,목동
13576,양천구,목동
13636,양천구,목동
12768,양천구,신월동
12746,양천구,신월동
13624,양천구,신월동
12814,양천구,신월동
12865,양천구,신월동
12763,양천구,신월동
12757,양천구,신월동
12825,양천구,신월동
12824,양천구,신월동
12787,양천구,신월동
12901,양천구,신월동
12966,양천구,신월동
12928,양천구,신월동
12828,양천구,신월동
12730,양천구,신월동
12908,양천구,신월동
13588,양천구,신월동
12924,양천구,신월동
12935,양천구,신월동
12937,양천구,신월동
12892,양천구,신정동
12921,양천구,신정동
12917,양천구,신정동
12931,양천구,신정동
12913,양천구,신정동
12902,양천구,신정동
12951,양천구,신정동
12897,양천구,신정동
12981,양천구,신정동
13517,양천구,신정동
12934,양천구,신정동
12893,양천구,신정동
12911,양천구,신정동
12909,양천구,신정동
12998,양천구,신정동
13629,양천구,신정동
12977,양천구,신정동
12830,양천구,신정동
12952,양천구,신정동
12856,양천구,신정동
12839,양천구,신정동
13537,양천구,신정동
12842,양천구,신정동
12858,양천구,신정동
12961,양천구,신정동
12943,양천구,신정동
12850,양천구,신정동
12942,양천구,신정동
12982,양천구,신정동
12997,양천구,신정동
13036,양천구,신정동
13034,양천구,신정동
12562,강서구,염창동
12565,강서구,염창동
12673,강서구,염창동
12590,강서구,염창동
12531,강서구,염창동
12474,강서구,등촌동
12491,강서구,등촌동
12581,강서구,등촌동
12536,강서구,등촌동
12591,강서구,등촌동
12542,강서구,등촌동
12490,강서구,등촌동
13516,강서구,등촌동
12545,강서구,등촌동
12511,강서구,등촌동
12469,강서구,등촌동
12534,강서구,등촌동
12388,강서구,등촌동
12532,강서구,등촌동
12523,강서구,등촌동
12521,강서구,등촌동
12772,강서구,화곡동
12716,강서구,화곡동
12827,강서구,화곡동
12789,강서구,화곡동
12733,강서구,화곡동
12738,강서구,화곡동
12800,강서구,화곡동
13571,강서구,화곡동
12742,강서구,화곡동
12874,강서구,화곡동
12881,강서구,화곡동
12884,강서구,화곡동
12871,강서구,화곡동
12650,강서구,화곡동
13594,강서구,화곡동
13506,강서구,화곡동
12713,강서구,화곡동
12645,강서구,화곡동
12681,강서구,화곡동
12721,강서구,화곡동
12748,강서구,화곡동
12780,강서구,화곡동
13635,강서구,화곡동
12761,강서구,화곡동
12620,강서구,화곡동
12677,강서구,화곡동
13574,강서구,화곡동
12711,강서구,화곡동
12619,강서구,화곡동
12470,강서구,화곡동
13534,강서구,화곡동
12472,강서구,화곡동
12548,강서구,화곡동
12560,강서구,화곡동
12753,강서구,화곡동
12749,강서구,화곡동
12758,강서구,화곡동
12767,강서구,화곡동
12766,강서구,화곡동
12759,강서구,화곡동
12452,강서구,가양동
12335,강서구,가양동
12416,강서구,가양동
12486,강서구,발산동
12595,강서구,발산동
12550,강서구,발산동
12549,강서구,발산동
12551,강서구,발산동
12482,강서구,우장산동
12723,강서구,우장산동
12576,강서구,우장산동
12533,강서구,우장산동
12604,강서구,우장산동
12394,강서구,공항동
12449,강서구,공항동
12351,강서구,방화동
12354,강서구,방화동
12361,강서구,방화동
12356,강서구,방화동
12442,강서구,방화동
12334,강서구,방화동
12448,강서구,방화동
12332,강서구,방화동
12397,강서구,방화동
12331,강서구,방화동
12438,강서구,방화동
12297,강서구,방화동
12303,강서구,방화동
13014,구로구,신도림동
13227,구로구,구로동
13300,구로구,구로동
13626,구로구,구로동
13278,구로구,구로동
13136,구로구,구로동
13137,구로구,구로동
13345,구로구,구로동
13246,구로구,구로동
13247,구로구,구로동
13293,구로구,구로동
13295,구로구,구로동
13301,구로구,구로동
13185,구로구,구로동
13281,구로구,구로동
13317,구로구,구로동
13286,구로구,구로동
13289,구로구,구로동
13261,구로구,구로동
13290,구로구,구로동
13116,구로구,구로동
13234,구로구,구로동
13073,구로구,구로동
13176,구로구,구로동
13091,구로구,구로동
13052,구로구,구로동
13323,구로구,가리봉동
13414,구로구,가리봉동
13387,구로구,가리봉동
13408,구로구,가리봉동
13363,구로구,가리봉동
13175,구로구,고척동
13144,구로구,고척동
13083,구로구,고척동
13129,구로구,고척동
13053,구로구,고척동
13072,구로구,고척동
13046,구로구,고척동
13070,구로구,고척동
13019,구로구,고척동
13547,구로구,고척동
13069,구로구,고척동
13241,구로구,개봉동
13612,구로구,개봉동
13135,구로구,개봉동
13158,구로구,개봉동
13544,구로구,개봉동
13238,구로구,개봉동
13186,구로구,개봉동
13328,구로구,개봉동
13329,구로구,개봉동
13348,구로구,개봉동
13353,구로구,개봉동
13207,구로구,개봉동
13223,구로구,오류동
13202,구로구,오류동
13199,구로구,오류동
13332,구로구,오류동
13291,구로구,오류동
13189,구로구,수궁동
13448,금천구,가산동
13381,금천구,가산동
13441,금천구,가산동
13370,금천구,가산동
13458,금천구,독산동
13480,금천구,독산동
13451,금천구,독산동
13436,금천구,독산동
13428,금천구,독산동
13464,금천구,독산동
13459,금천구,독산동
13463,금천구,독산동
13489,금천구,독산동
13419,금천구,독산동
13442,금천구,독산동
13360,금천구,독산동
13425,금천구,독산동
13364,금천구,독산동
13424,금천구,독산동
13443,금천구,독산동
13467,금천구,독산동
13481,금천구,독산동
13460,금천구,독산동
13476,금천구,독산동
13473,금천구,독산동
13491,금천구,시흥동
13500,금천구,시흥동
13493,금천구,시흥동
13490,금천구,시흥동
13487,금천구,시흥동
13486,금천구,시흥동
13484,금천구,시흥동
13497,금천구,시흥동
13502,금천구,시흥동
13503,금천구,시흥동
13492,금천구,시흥동
13488,금천구,시흥동
13496,금천구,시흥동
13494,금천구,시흥동
13499,금천구,시흥동
13495,금천구,시흥동
12891,영등포구,영등포동
12872,영등포구,영등포동
12929,영등포구,영등포동
12964,영등포구,영등포동
12933,영등포구,영등포동
12945,영등포구,영등포동
12962,영등포구,영등포동
12832,영등포구,영등포동
13627,영등포구,여의동
12912,영등포구,여의동
12895,영등포구,여의동
12840,영등포구,당산동
12903,영등포구,당산동
12852,영등포구,당산동
12956,영등포구,당산동
12930,영등포구,당산동
12925,영등포구,당산동
12915,영등포구,당산동
12866,영등포구,당산동
12736,영등포구,당산동
11947,영등포구,당산동
12878,영등포구,당산동
12752,영등포구,당산동
12754,영등포구,당산동
12890,영등포구,문래동
12992,영등포구,문래동
12905,영등포구,문래동
12938,영등포구,양평동
12947,영등포구,양평동
12963,영등포구,양평동
12948,영등포구,양평동
12926,영등포구,양평동
12899,영등포구,양평동
12944,영등포구,양평동
12688,영등포구,양평동
12695,영등포구,양평동
12694,영등포구,양평동
12690,영등포구,양평동
12781,영등포구,양평동
12808,영등포구,양평동
13042,영등포구,신길동
12975,영등포구,신길동
12971,영등포구,신길동
12970,영등포구,신길동
13006,영등포구,신길동
13086,영등포구,신길동
13061,영등포구,신길동
13583,영등포구,대림동
13275,영등포구,대림동
13265,영등포구,대림동
13200,영등포구,대림동
13195,영등포구,대림동
13266,영등포구,대림동
13296,영등포구,대림동
13065,영등포구,대림동
13062,영등포구,대림동
13621,영등포구,대림동
13177,영등포구,대림동
13243,영등포구,대림동
13159,영등포구,대림동
13213,영등포구,대림동
13216,영등포구,대림동
13140,영등포구,대림동
13075,동작구,노량진동
13035,동작구,노량진동
12969,동작구,노량진동
12967,동작구,노량진동
12972,동작구,노량진동
13017,동작구,노량진동
13009,동작구,노량진동
13232,동작구,상도동
13119,동작구,상도동
13133,동작구,상도동
13134,동작구,상도동
13215,동작구,상도동
13208,동작구,상도동
13162,동작구,상도동
13218,동작구,상도동
13093,동작구,상도동
13111,동작구,상도동
13110,동작구,상도동
13074,동작구,상도동
13090,동작구,상도동
13056,동작구,상도동
13087,동작구,상도동
13519,동작구,상도동
13067,동작구,상도동
13058,동작구,상도동
13157,동작구,상도동
13024,동작구,흑석동
13021,동작구,흑석동
13004,동작구,흑석동
13022,동작구,흑석동
13005,동작구,흑석동
13011,동작구,흑석동
13079,동작구,흑석동
13445,동작구,사당동
13402,동작구,사당동
13376,동작구,사당동
13432,동작구,사당동
13269,동작구,사당동
13307,동작구,사당동
13407,동작구,사당동
13404,동작구,사당동
13396,동작구,사당동
13525,동작구,사당동
13315,동작구,사당동
13310,동작구,사당동
13105,동작구,대방동
13146,동작구,대방동
13139,동작구,대방동
13060,동작구,대방동
13284,동작구,신대방동
13251,동작구,신대방동
13272,동작구,신대방동
13250,동작구,신대방동
13132,동작구,신대방동
13123,동작구,신대방동
13124,동작구,신대방동
13268,관악구,보라매동
13276,관악구,보라매동
13257,관악구,보라매동
13346,관악구,보라매동
13344,관악구,성현동
13331,관악구,성현동
13600,관악구,행운동
13359,관악구,행운동
13366,관악구,행운동
13308,관악구,행운동
13455,관악구,행운동
13449,관악구,행운동
13434,관악구,낙성대동
13431,관악구,낙성대동
13452,관악구,낙성대동
13358,관악구,낙성대동
13373,관악구,청룡동
13371,관악구,청룡동
13362,관악구,청룡동
13372,관악구,은천동
13586,관악구,은천동
13401,관악구,은천동
13592,관악구,은천동
13409,관악구,은천동
13405,관악구,은천동
13398,관악구,중앙동
13630,관악구,중앙동
13388,관악구,중앙동
13338,관악구,중앙동
13314,관악구,중앙동
13599,관악구,인헌동
13422,관악구,인헌동
13430,관악구,인헌동
13446,관악구,인헌동
13429,관악구,인헌동
13437,관악구,남현동
13438,관악구,남현동
13634,관악구,신원동
13356,관악구,신원동
13389,관악구,신원동
13439,관악구,서림동
13475,관악구,서림동
13311,관악구,신사동
13403,관악구,신사동
13347,관악구,신사동
13512,관악구,신사동
13309,관악구,신사동
13384,관악구,신사동
13337,관악구,신림동
13340,관악구,신림동
13327,관악구,조원동
13390,관악구,조원동
13304,관악구,조원동
13377,관악구,조원동
13375,관악구,조원동
13320,관악구,조원동
13397,관악구,조원동
13369,관악구,조원동
13413,관악구,조원동
13302,관악구,조원동
13380,관악구,조원동
13479,관악구,대학동
13469,관악구,대학동
13483,관악구,대학동
13465,관악구,대학동
13472,관악구,삼성동
13416,관악구,미성동
13415,관악구,미성동
13394,관악구,미성동
13400,관악구,미성동
13421,관악구,미성동
13423,관악구,난곡동
13426,관악구,난곡동
13427,관악구,난곡동
13622,서초구,서초동
13303,서초구,서초동
13324,서초구,서초동
13249,서초구,서초동
13298,서초구,서초동
13515,서초구,서초동
13335,서초구,서초동
13411,서초구,서초동
13395,서초구,서초동
13322,서초구,서초동
13217,서초구,서초동
13043,서초구,잠원동
12896,서초구,잠원동
13173,서초구,반포본동
13179,서초구,반포본동
13172,서초구,반포본동
13170,서초구,반포본동
13044,서초구,반포동
13546,서초구,반포동
13115,서초구,반포동
13113,서초구,반포동
13102,서초구,반포동
13092,서초구,반포동
13155,서초구,반포동
13057,서초구,반포동
13118,서초구,반포동
13125,서초구,반포동
13163,서초구,반포동
13229,서초구,반포동
13143,서초구,반포동
13228,서초구,방배본동
13235,서초구,방배본동
13201,서초구,방배본동
13206,서초구,방배본동
13237,서초구,방배본동
13288,서초구,방배본동
13336,서초구,방배동
13305,서초구,방배동
13379,서초구,방배동
13325,서초구,방배동
13367,서초구,방배동
13611,서초구,방배동
13440,서초구,방배동
13287,서초구,방배동
13253,서초구,방배동
13354,서초구,방배동
13273,서초구,방배동
13260,서초구,방배동
13316,서초구,방배동
13385,서초구,양재동
13410,서초구,양재동
13383,서초구,양재동
13457,서초구,양재동
13608,서초구,양재동
13453,서초구,양재동
13435,서초구,양재동
13355,서초구,양재동
13361,서초구,양재동
13471,서초구,양재동
13470,서초구,양재동
13466,서초구,양재동
13420,서초구,양재동
13540,서초구,양재동
13461,서초구,양재동
13477,서초구,양재동
13478,서초구,양재동
13462,서초구,양재동
12906,강남구,신사동
13587,강남구,논현동
13039,강남구,논현동
13015,강남구,논현동
13027,강남구,논현동
13026,강남구,논현동
12996,강남구,논현동
12988,강남구,논현동
12994,강남구,논현동
13538,강남구,논현동
12837,강남구,압구정동
12959,강남구,압구정동
12883,강남구,압구정동
12954,강남구,압구정동
12955,강남구,압구정동
12868,강남구,압구정동
12919,강남구,청담동
12984,강남구,청담동
12958,강남구,청담동
12995,강남구,청담동
12946,강남구,청담동
12985,강남구,청담동
12991,강남구,청담동
12904,강남구,청담동
13518,강남구,삼성동
12983,강남구,삼성동
13514,강남구,삼성동
12979,강남구,삼성동
13028,강남구,삼성동
13025,강남구,삼성동
13214,강남구,대치동
13236,강남구,대치동
13068,강남구,대치동
13598,강남구,대치동
13230,강남구,대치동
13152,강남구,대치동
13130,강남구,대치동
13211,강남구,대치동
13171,강남구,대치동
13121,강남구,대치동
13048,강남구,대치동
13131,강남구,대치동
13168,강남구,대치동
13604,강남구,대치동
13166,강남구,대치동
13020,강남구,역삼동
13096,강남구,역삼동
13602,강남구,역삼동
13003,강남구,역삼동
13108,강남구,역삼동
13553,강남구,역삼동
13225,강남구,역삼동
13169,강남구,역삼동
13149,강남구,역삼동
13233,강남구,역삼동
13240,강남구,역삼동
13194,강남구,역삼동
13190,강남구,역삼동
13280,강남구,도곡동
13321,강남구,도곡동
13382,강남구,도곡동
13259,강남구,도곡동
13334,강남구,도곡동
13258,강남구,도곡동
13386,강남구,개포동
13343,강남구,개포동
13254,강남구,개포동
13454,강남구,개포동
13447,강남구,개포동
13572,강남구,개포동
13450,강남구,개포동
13418,강남구,개포동
13444,강남구,개포동
13255,강남구,일원동
13270,강남구,일원동
13264,강남구,일원동
13277,강남구,일원동
13196,강남구,일원동
12810,송파구,풍납동
12854,송파구,풍납동
12835,송파구,풍납동
12847,송파구,풍납동
13188,송파구,거여동
13198,송파구,거여동
13297,송파구,거여동
13292,송파구,거여동
13197,송파구,거여동
13274,송파구,거여동
13245,송파구,마천동
13209,송파구,마천동
13532,송파구,마천동
13239,송파구,마천동
13242,송파구,마천동
13231,송파구,마천동
13147,송파구,마천동
13212,송파구,마천동
13641,송파구,방이동
13078,송파구,방이동
13013,송파구,방이동
13082,송파구,방이동
13642,송파구,방이동
13643,송파구,방이동
12978,송파구,방이동
13029,송파구,방이동
13640,송파구,방이동
13639,송파구,방이동
13638,송파구,방이동
12976,송파구,방이동
12974,송파구,방이동
12973,송파구,오륜동
13041,송파구,오금동
13104,송파구,오금동
13001,송파구,오금동
13002,송파구,오금동
13112,송파구,오금동
13120,송파구,오금동
13051,송파구,송파동
13613,송파구,송파동
13589,송파구,송파동
13023,송파구,송파동
13101,송파구,송파동
13095,송파구,송파동
13596,송파구,송파동
13012,송파구,송파동
13000,송파구,송파동
13071,송파구,송파동
13103,송파구,송파동
13156,송파구,석촌동
13045,송파구,석촌동
13182,송파구,석촌동
13145,송파구,석촌동
13127,송파구,석촌동
13126,송파구,석촌동
13117,송파구,석촌동
13107,송파구,석촌동
13174,송파구,석촌동
13089,송파구,석촌동
13088,송파구,석촌동
13114,송파구,석촌동
13614,송파구,석촌동
13099,송파구,삼전동
13077,송파구,삼전동
13063,송파구,삼전동
13059,송파구,삼전동
13183,송파구,삼전동
13154,송파구,삼전동
13160,송파구,삼전동
13180,송파구,삼전동
13081,송파구,삼전동
13049,송파구,삼전동
13084,송파구,삼전동
13262,송파구,가락본동
13128,송파구,가락본동
13204,송파구,가락본동
13184,송파구,가락본동
13222,송파구,가락본동
13573,송파구,가락본동
13148,송파구,가락본동
13153,송파구,가락본동
13203,송파구,가락동
13205,송파구,가락동
13244,송파구,가락동
13524,송파구,가락동
13187,송파구,가락동
13192,송파구,가락동
13294,송파구,가락동
13224,송파구,가락동
13256,송파구,문정동
13339,송파구,문정동
13539,송파구,문정동
13351,송파구,문정동
13330,송파구,문정동
13267,송파구,문정동
13282,송파구,문정동
13341,송파구,장지동
13357,송파구,장지동
13591,송파구,장지동
13391,송파구,장지동
13378,송파구,장지동
13535,송파구,잠실동
13076,송파구,잠실동
13531,송파구,잠실동
13018,송파구,잠실동
13050,송파구,잠실동
13109,송파구,잠실동
13094,송파구,잠실동
13106,송파구,잠실동
13100,송파구,잠실동
13032,송파구,잠실동
13040,송파구,잠실동
13595,송파구,잠실동
13085,송파구,잠실동
13033,송파구,잠실동
13037,송파구,잠실동
12999,송파구,잠실동
12894,송파구,잠실동
12993,송파구,잠실동
12990,송파구,잠실동
12592,강동구,강일동
12404,강동구,강일동
13542,강동구,상일동
12676,강동구,상일동
12639,강동구,상일동
12608,강동구,명일동
12653,강동구,명일동
12612,강동구,명일동
12556,강동구,명일동
12684,강동구,명일동
12658,강동구,명일동
12496,강동구,고덕동
12553,강동구,암사동
12667,강동구,암사동
12558,강동구,암사동
12586,강동구,암사동
12640,강동구,암사동
12564,강동구,암사동
12655,강동구,암사동
12641,강동구,암사동
12552,강동구,암사동
12554,강동구,암사동
12547,강동구,암사동
12589,강동구,암사동
12584,강동구,암사동
12627,강동구,천호동
12614,강동구,천호동
13605,강동구,천호동
12726,강동구,천호동
12609,강동구,천호동
12671,강동구,천호동
12722,강동구,천호동
12632,강동구,천호동
12685,강동구,천호동
12661,강동구,천호동
12697,강동구,천호동
12701,강동구,천호동
12705,강동구,천호동
12607,강동구,천호동
12727,강동구,천호동
12796,강동구,천호동
12941,강동구,성내동
12869,강동구,성내동
12843,강동구,성내동
12846,강동구,성내동
12851,강동구,성내동
12857,강동구,성내동
12870,강동구,성내동
12743,강동구,성내동
12792,강동구,성내동
12777,강동구,성내동
12774,강동구,성내동
12939,강동구,성내동
12910,강동구,성내동
12755,강동구,성내동
12853,강동구,성내동
12831,강동구,성내동
12844,강동구,성내동
12960,강동구,성내동
12864,강동구,성내동
13568,강동구,길동
12826,강동구,길동
12819,강동구,길동
12600,강동구,길동
12601,강동구,길동
12735,강동구,길동
12786,강동구,길동
12698,강동구,길동
12704,강동구,길동
12809,강동구,길동
12813,강동구,길동
12799,강동구,길동
12793,강동구,길동
12922,강동구,둔촌동
12867,강동구,둔촌동
12877,강동구,둔촌동
12744,강동구,둔촌동
12834,강동구,둔촌동
